he said certain volunteers developed kinds of antibodies associated with early aids	he says certain volunteers develop kinds of antibodies associated with early aids
a dpc spokesman declined to elaborate on the group 's new plan	a dpc spokesman declines to elaborate on the group 's new plan
they ca n't take the hit to their earnings he said	they ca n't take the hit to their earnings he says
estimated volume was five million ounces	estimated volume is five million ounces
this of course led to disaster in new york city	this of course lead to disaster in new york city
the canadian wound up writing a check	the canadian winds up writing a check
had the case gone to trial the same issues would have surfaced	had the case gone to trial the same issues have surfaced
yesterday when similar securities rebounded it bumped the valuation up again	yesterday when similar securities rebounded it bumps the valuation up again
j.c. penney will continue to service the receivables	j.c. penney continues to service the receivables
and there were senate hearings on the questions in july 1972	and there are senate hearings on the questions in july 1972
and prosecutors declined to comment	and prosecutors decline to comment
it belonged to her grandfather	it belongs to her grandfather
he also repeated justin 's denial of sony 's charges	he also repeats justin 's denial of sony 's charges
but friday did n't help things says mr. schaefer	but friday does n't help things says mr. schaefer
but this is not where the rewards of junk financing were found	but this is not where the rewards of junk financing are found
other mutual fund companies reported even lighter withdrawal requests	other mutual fund companies report even lighter withdrawal requests
analysts said the move could presage even harsher action by the banks	analysts says the move can presage even harsher action by the banks
mr. stein was fined 25,000 and suspended for three years	mr. stein is fined 25,000 and suspended for three years
sales of parts for cars and construction vehicles rose	sales of parts for cars and construction vehicles rises
the situation will be especially delicate for mr. kimbrough	the situation is especially delicate for mr. kimbrough
sales rose to 2.45 billion from 2.2 billion	sales rises to 2.45 billion from 2.2 billion
we 've got a lot to do he acknowledged	we 've got a lot to do he acknowledges
putnam investment grade municipal trust boston was listed with the symbol pgm	putnam investment grade municipal trust boston is listed with the symbol pgm
the bills will be dated oct. 31 and will mature dec. 21	the bills are dated oct. 31 and will mature dec. 21
and the poles are engaged in commerce	and the poles is engaged in commerce
about eight firms will get the lion 's share	about eight firms get the lion 's share
i would view it as a net positive	i view it as a net positive
orders from campeau retailers used to be cause for celebration	orders from campeau retailers uses to be cause for celebration
these mega-issues are being propelled by two factors economic and political	these mega-issues is being propelled by two factors economic and political
only a government-sponsored bailout kept the crisis from swallowing the exchange	only a government-sponsored bailout keeps the crisis from swallowing the exchange
other senators want to lower the down payments required on fha-insured loans	other senators wants to lower the down payments required on fha-insured loans
the beebes have not yet decided whether to appeal	the beebes has not yet decided whether to appeal
even without portfolio insurance market conditions were grim friday money managers said	even without portfolio insurance market conditions are grim friday money managers say
also most of the telecommunications equipment was out	also most of the telecommunications equipment is out
in friday 's edition the name of the unit was misstated	in friday 's edition the name of the unit is misstated
twenty percent do n't even feel they are financially well off	twenty percent does n't even feel they are financially well off
phil harms a software engineer was an eager customer	phil harms a software engineer is an eager customer
bond prices were little changed in sluggish activity	bond prices are little changed in sluggish activity
copper prices fell sharply friday afternoon	copper prices fall sharply friday afternoon
no amount of weasling could have saved this game for d.t	no amount of weasling can have saved this game for d.t
the official said he also would be comfortable with that new range	the official says he also is comfortable with that new range
there was n't a lot of panic selling either domestically or internationally	there is n't a lot of panic selling either domestically or internationally
some companies are confident that they 're prepared	some companies are confident that they are prepared
for distilled spirits operating profit rose 36 % to 24.8 million	for distilled spirits operating profit rises 36 % to 24.8 million
painewebber considered an even harder sell recommending specific stocks	painewebber considers an even harder sell recommending specific stocks
sony was down 130 to 8,590	sony is down 130 to 8,590
then retailers will probably push the less-established brands out altogether he says	then retailers push the less-established brands out altogether probably he says
accepted bids ranged from 8.38 % to 8.395 %	accepted bids range from 8.38 % to 8.395 %
given the weakness of the junk-bond market can he finance a buy-out	given the weakness of the junk-bond market can he finances a buy-out
weakening corporate earnings they say are no prescription for a bull market	weakening corporate earnings they say is no prescription for a bull market
for more than a decade virtually no one complained about judge o'kicki	for more than a decade virtually no one complains about judge o'kicki
the quarter was terrible and the future looks anything but encouraging	the quarter is terrible and the future looks anything but encouraging
over the weekend mccaw continued to call for an auction of lin	over the weekend mccaw continues to call for an auction of lin
the emotional aspect is so draining they needed a good workout	the emotional aspect is so draining they need a good workout
following that announcement tuesday however company officials were unavailable to elaborate	following that announcement tuesday however company officials are unavailable to elaborate
bonds due 2003 2004 and 2015 are n't being formally reoffered	bonds due 2003 2004 and 2015 is n't being formally reoffered
thereafter the rate will be renegotiated	thereafter the rate is renegotiated
did n't feel a thing but noticed some strange bird behavior	do n't feel a thing but noticed some strange bird behavior
hooker 's philosophy was to build and sell	hooker 's philosophy is to build and sell
revenue rose 23 % to 1.67 billion from 1.36 billion	revenue rises 23 % to 1.67 billion from 1.36 billion
