he said the normal ratio is five to six weeks	he said
those who bought that illusion are now bewildered	those are now bewildered
it said the maximum cost of the plan would be 9.7 million	it said
and where we are is bad	and is bad
she added if they all were bullish i 'd really be upset	she added
traders said most municipal bonds ended 1\/2 point higher	traders said
developments like this are hard to predict	developments like this are hard
note how the baseline program assumes a sharp increase in future appropriations	note
sir richard succeeds john plastow who resigned in july	sir richard succeeds john plastow
companies that only recently were thriving find themselves scrambling to survive	companies find themselves scrambling to survive
