that could change thanks to lower long-distance rates and cheaper electronics	thanks to lower long-distance rates and cheaper electronics could be changed by that
with some other charities however it s the other way around	with some other charities however the other way around is sed by it
agip already has an oil stake in libya	an oil stake already is had by agip in libya
lawmakers in both houses support the higher level	the higher level is supported by lawmakers in both houses
he owns 43 % of centrust 's shares	43 % of centrust 's shares is owned by him
do you think the british know something that we do n't	do you think something that we do n't is known by the british
a private farmer never wastes anything	anything never is wasted by a private farmer
terms include a royalty arrangement but details were n't disclosed	a royalty arrangement is included by terms but details were n't disclosed
revenue rose 17 % to 1.62 billion from 1.39 billion	17 % was risen by revenue to 1.62 billion from 1.39 billion
and that naturally exacerbates price movements	and price movements naturally are exacerbated by that
