in such circumstances free-speech interests outweighed the interests of the copyright owner	in circumstances free-speech interests outweighed the interests of the copyright owner
the 833.6 million figures includes the new acquisitions	the 833.6 million figures includes the acquisitions
by lunchtime the selling was at near-panic fever	by lunchtime the selling was at fever
closely held automax has annual sales of about 10 million	held automax has sales of about 10 million
turnover was also down substantially from 840.8 million shares on friday	turnover was from 840.8 million shares on friday
alliant said it plans to use the microprocessor in future products	alliant said it plans to use the microprocessor in products
golf has become the latest diversion for travelers stuck at some airports	golf has become the diversion for travelers stuck at some airports
we tend to run a very tight book	we tend to run a tight book
americans are expected to conform to the japanese culture when in japan	americans are expected to conform to the culture when in japan
and they say the outlook for 1990 is nearly as bad	and they say the outlook for 1990 is bad
most people ca n't even remember his name	people ca n't remember his name
among the most upbeat was bt brokerage asia ltd	among the upbeat was bt brokerage asia ltd
in the year-earlier quarter morgan earned 233.6 million or 1.25 a share	in the quarter morgan earned 233.6 million or 1.25 a share
but that 's not the only problem for stocks	but that 's not the problem for stocks
the other meals do n't matter	the meals do n't matter
names are resigning at an even faster pace this year	names are resigning at an faster pace this year
but the japanese insist upon japanese managers everywhere they set up shop	but the japanese insist upon managers they set up shop
but six years ago he also began importing from the far east	but six years he began importing from the far east
risk is also a function of time	risk is a function of time
conservatives have an important decision to make this fall	conservatives have an decision to make this fall
it 's a wait-and-see situation right now says terry mcgowan president	it 's a situation says terry mcgowan president
marketing and sales departments then urged abandonment of the pico project	marketing and sales departments urged abandonment of the pico project
ual finished at 170 off 8 3\/8	ual finished at 170 8 3\/8
changing the outcome of the trial is what really matters	changing the outcome of the trial is what matters
on the same basis revenue rose to 2.7 billion from 2.2 billion	on the basis revenue rose to 2.7 billion from 2.2 billion
about 20,000 years ago the last ice age ended	about 20,000 years ago the ice age ended
miss brady is deputy director of the russian research foundation in london	miss brady is director of the russian research foundation in london
the obligation is totally unwarranted the statement said	the obligation is unwarranted the statement said
big financial stocks carried the day	stocks carried the day
short-term rates also were mixed	rates were mixed
the imf has several reasons for requesting the increase	the imf has reasons for requesting the increase
however non-interest income rose to 23.5 million from 22 million	income rose to 23.5 million from 22 million
he confers big trading commissions on wall street firms	he confers trading commissions on wall street firms
arguably both were on notice that their behavior was at least risky	both were on notice that their behavior was at least risky
but many proponents of filipino see resistance to the language finally crumbling	but proponents of filipino see resistance to the language crumbling
this activity produced small rallies which in turn attracted new short selling	this activity produced rallies which in turn attracted selling
van nghe quickly made influential enemies	van nghe made enemies
suddenly the woman begins swaying and then writhing	the woman begins swaying and writhing
now in the '90s we 're headed toward a total resort environment	in the '90s we 're headed toward a resort environment
bellsouth 's back-end protection was flawed previously	bellsouth 's protection was flawed
he also questioned whether recent gains in that country can be sustained	he questioned whether gains in that country can be sustained
computer companies commodity cyclical stocks like autos and retailing stocks he says	computer companies commodity stocks like autos and retailing stocks he says
the big one is still due mr. johnson predicted in an interview	the one is due mr. johnson predicted in an interview
that means stocks bonds money market instruments and real estate	that means stocks bonds money market instruments and estate
two big stocks involved in takeover activity saw their short interest surge	two stocks involved in takeover activity saw their interest surge
the industrial average closed down only 3.69 points at 2659.22	the average closed 3.69 points at 2659.22
while some automotive programs have been delayed they have n't been canceled	while some programs have been delayed they have n't been canceled
unilever wo n't comment schering however denies the brand is for sale	unilever wo n't comment schering denies the brand is for sale
richard l. sherman 42 will advise midsized businesses	richard l. sherman 42 will advise businesses
now was that a quarter cup or a half cup	was that a quarter cup or a cup
the third principal in the south gardens adventure did have garden experience	the principal in the south gardens adventure did have garden experience
intensive audits are coming to 55,500 taxpayers as research guinea pigs	audits are coming to 55,500 taxpayers as research guinea pigs
but they are also talking about new magazines	but they are talking about magazines
stewart 's honor was a nice note on a couple of grounds	stewart 's honor was a note on a couple of grounds
markets usually get noticed because they soar or plunge	markets get noticed because they soar or plunge
the new company is capitalized at about 3.5 million	the company is capitalized at 3.5 million
estimated volume was a moderate 3.5 million ounces	estimated volume was a 3.5 million ounces
3 develop rental agreements with exclusive purchase options for the renter	3 develop agreements with purchase options for the renter
he takes over a school system in the midst of radical reform	he takes over a school system in the midst of reform
on friday 13 % of volume was in computer-guided program trades	on friday 13 % of volume was in program trades
